単語,判定結果,TF-IDF値,出現回数,優先値,連結回数,Scored Labels,Scored Probabilities
黒線,0,0.258533566254692,2,4,1,0,0.356811761856079
黒線,0,0.247792089756211,2,4,1,0,0.356811761856079
黒ブロック,0,0.373786490310428,4,6.8,13,1,0.625437140464783
黒ブロック,0,0.256850148932562,4,6.8,13,1,0.625437140464783
黒ブロック,0,0.24074397708403,4,6.8,13,1,0.625437140464783
黒ブロック,0,0.229104340458336,4,6.8,13,1,0.625437140464783
黒,0,0.451396232994586,2,2,20,1,0.506560146808624
黒,0,0.289627753400497,2,2,20,1,0.506560146808624
黄,0,0.36984628118932,3,2,0,0,0.287415146827698
黄,0,0.272070193802743,3,2,0,0,0.287415146827698
黄,0,0.25342960822685,3,2,0,0,0.287415146827698
領域,0,0.431395100628979,1,4,0,0,0.336521506309509
順番,0,0.413379366775,1,4,0,0,0.336521506309509
順位,0,0.32450549335674,1,4,0,0,0.336521506309509
静止,0,0.258790064164412,2,4,0,0,0.345702767372131
静止,0,0.256740538687027,2,4,0,0,0.345702767372131
青斜線,0,0.607015642391769,1,6,0,0,0.409025967121124
青,0,0.36984628118932,3,2,1,0,0.297502726316452
青,0,0.272070193802743,3,2,1,0,0.297502726316452
青,0,0.25342960822685,3,2,1,0,0.297502726316452
難所,0,0.372504524130436,1,4,2,0,0.358627110719681
隣接,0,0.301731444284872,1,4,0,0,0.336521506309509
隠す,0,0.340376050061262,1,3.1,0,0,0.306036978960037
際,0,0.393410602926956,2,2,0,0,0.279121518135071
際,0,0.285959003553911,2,2,0,0,0.279121518135071
随時更新,0,0.393358972500581,1,8,0,0,0.485715746879578
除く,0,0.257302100772284,1,3.1,0,0,0.306036978960037
除い,0,0.430768990434276,1,3.1,0,0,0.306036978960037
限ら,0,0.375271588822168,1,3.1,0,0,0.306036978960037
関連文章,0,0.136863303201719,1,8,0,0,0.485715746879578
関連文書,0,0.423790084494924,1,8,0,0,0.485715746879578
関連ファイル,0,0.307698271174162,1,8.8,0,1,0.516789615154266
関連,0,0.463280625174698,1,4,4,0,0.381350189447403
間,0,0.393358972500581,1,2,18,0,0.47200021147728
開発,0,0.496249828292848,1,4,1,0,0.347492158412933
開始,0,0.56087863522484,1,4,0,0,0.336521506309509
重なる,0,0.324885030597882,1,4.2,0,0,0.343496680259705
配布,0,0.442900682082411,4,4,0,0,0.36440896987915
配布,0,0.35118132083539,4,4,0,0,0.36440896987915
配布,0,0.323386464543677,4,4,0,0,0.36440896987915
配布,0,0.285493472237054,4,4,0,0,0.36440896987915
部分,0,0.450896887861383,2,4,5,0,0.402702778577805
部分,0,0.3483510317923,2,4,5,0,0.402702778577805
選択,0,0.0967020798790337,1,4,0,0,0.336521506309509
過ぎる,0,0.169384501683183,1,4.2,0,0,0.343496680259705
進入以降具体的,0,0.207556050653725,1,14,0,1,0.705861806869507
通過方向,0,0.707106781186548,1,8,0,0,0.485715746879578
通過,0,0.577670261494733,4,4,2,0,0.387277185916901
通過,0,0.5055687235582,4,4,2,0,0.387277185916901
通過,0,0.421512380331261,4,4,2,0,0.387277185916901
通過,0,0.242246916863365,4,4,2,0,0.387277185916901
通知,0,0.393543314403056,2,4,0,0,0.345702767372131
通知,0,0.156051367686653,2,4,0,0,0.345702767372131
跨が,0,0.258533566254692,2,3.1,0,0,0.314781099557877
跨が,0,0.247792089756211,2,3.1,0,0,0.314781099557877
超え,0,0.252056554705538,1,3.1,0,0,0.306036978960037
起き,0,0.444683621550552,1,3.1,0,0,0.306036978960037
走行順,0,0.413379366775,1,6,0,0,0.409025967121124
走行体全体,0,0.310478079936454,4,10,0,1,0.592966914176941
走行体全体,0,0.288835130747366,4,10,0,1,0.592966914176941
走行体全体,0,0.274239965295315,4,10,0,1,0.592966914176941
走行体全体,0,0.168522907852733,4,10,0,1,0.592966914176941
走行体ソフトウェア,0,0.407974620438571,4,13.2,0,1,0.705492079257965
走行体ソフトウェア,0,0.32011934772596,4,13.2,0,1,0.705492079257965
走行体ソフトウェア,0,0.252963483783421,4,13.2,0,1,0.705492079257965
走行体ソフトウェア,0,0.112517427699219,4,13.2,0,1,0.705492079257965
走行体,0,0.446359823704752,10,6,8,1,0.596210539340973
走行体,0,0.375254605738695,10,6,8,1,0.596210539340973
走行体,0,0.285699372161526,10,6,8,1,0.596210539340973
走行体,0,0.274704267505938,10,6,8,1,0.596210539340973
走行体,0,0.250990585943295,10,6,8,1,0.596210539340973
走行体,0,0.2266526496303,10,6,8,1,0.596210539340973
走行体,0,0.171516022082546,10,6,8,1,0.596210539340973
走行体,0,0.168637878356632,10,6,8,1,0.596210539340973
走行体,0,0.137146049005577,10,6,8,1,0.596210539340973
走行体,0,0.11461528102096,10,6,8,1,0.596210539340973
走行タイム,0,0.724723950674393,4,7.6,1,1,0.512994170188904
走行タイム,0,0.454078031952523,4,7.6,1,1,0.512994170188904
走行タイム,0,0.414439144850895,4,7.6,1,1,0.512994170188904
走行タイム,0,0.312550682508802,4,7.6,1,1,0.512994170188904
走行,0,0.364151437849792,5,4,25,1,0.668942332267761
走行,0,0.255295056385795,5,4,25,1,0.668942332267761
走行,0,0.220627301750944,5,4,25,1,0.668942332267761
走行,0,0.215346275630642,5,4,25,1,0.668942332267761
走行,0,0.198298006238121,5,4,25,1,0.668942332267761
赤い線,0,0.258533566254692,2,5.1,0,0,0.385321825742722
赤い線,0,0.247792089756211,2,5.1,0,0,0.385321825742722
赤,0,0.36984628118932,3,2,2,0,0.307791441679001
赤,0,0.272070193802743,3,2,2,0,0.307791441679001
赤,0,0.25342960822685,3,2,2,0,0.307791441679001
論理時間,0,0.313222674592848,1,8,0,0,0.485715746879578
読者,0,0.444243955325881,1,4,0,0,0.336521506309509
詳細,0,0.604548924466761,1,4,0,0,0.336521506309509
該当ゲート,0,0.351331619315532,1,7.6,0,0,0.470205157995224
試走会,0,0.393543314403056,2,6,1,0,0.430848985910416
試走会,0,0.318200559621426,2,6,1,0,0.430848985910416
設置方法,0,0.136863303201719,1,8,0,0,0.485715746879578
設置プライマリークラス難所,0,0.372504524130436,1,18.8,0,1,0.834986448287964
設置,0,0.45170180575984,15,4,6,1,0.546270370483398
設置,0,0.334455552656283,15,4,6,1,0.546270370483398
設置,0,0.287136476743423,15,4,6,1,0.546270370483398
設置,0,0.272544583822127,15,4,6,1,0.546270370483398
設置,0,0.256835471425743,15,4,6,1,0.546270370483398
設置,0,0.254637091586756,15,4,6,1,0.546270370483398
設置,0,0.244837414919605,15,4,6,1,0.546270370483398
設置,0,0.224695421783594,15,4,6,1,0.546270370483398
設置,0,0.20996891790321,15,4,6,1,0.546270370483398
設置,0,0.207746536437911,15,4,6,1,0.546270370483398
設置,0,0.202968436992731,15,4,6,1,0.546270370483398
設置,0,0.193731042036945,15,4,6,1,0.546270370483398
設置,0,0.185088476101734,15,4,6,1,0.546270370483398
設置,0,0.164426563345449,15,4,6,1,0.546270370483398
設置,0,0.161811583544422,15,4,6,1,0.546270370483398
設けられ,0,0.443266170785864,3,5.3,0,0,0.402494072914124
設けられ,0,0.406709730792945,3,5.3,0,0,0.402494072914124
設けられ,0,0.255011743090945,3,5.3,0,0,0.402494072914124
記載,0,0.383048637158175,7,4,0,0,0.393237739801407
記載,0,0.378972649503026,7,4,0,0,0.393237739801407
記載,0,0.370525575890397,7,4,0,0,0.393237739801407
記載,0,0.362269606856835,7,4,0,0,0.393237739801407
記載,0,0.357704202770358,7,4,0,0,0.393237739801407
記載,0,0.343164240610912,7,4,0,0,0.393237739801407
記載,0,0.276352823596785,7,4,0,0,0.393237739801407
記す,0,0.541905474458325,1,3.1,0,0,0.306036978960037
計算,0,0.468143199881014,2,4,0,0,0.345702767372131
計算,0,0.410252751788646,2,4,0,0,0.345702767372131
計測終了操作,0,0.169384501683183,1,12,0,1,0.637499809265137
計測方法,0,0.552328831498779,1,8,0,0,0.485715746879578
計測,0,0.38871513464782,3,4,8,0,0.448408186435699
計測,0,0.329020056819917,3,4,8,0,0.448408186435699
計測,0,0.218138686968631,3,4,8,0,0.448408186435699
計8個,0,0.427352803405482,1,5,0,0,0.372054308652878
計10個,0,0.292834777717443,1,6,0,0,0.409025967121124
言及,0,0.313222674592848,1,4,0,0,0.336521506309509
触れ,0,0.237048515862832,2,3.1,0,0,0.314781099557877
触れ,0,0.153325833702333,2,3.1,0,0,0.314781099557877
規約説明,0,0.375271588822168,1,8,0,0,0.485715746879578
規約,0,0.570235143445479,1,4,9,0,0.440272808074951
規定,0,0.465397056025072,1,4,0,0,0.336521506309509
見なす,0,0.258533566254692,2,4.2,0,0,0.352767050266266
見なす,0,0.247792089756211,2,4.2,0,0,0.352767050266266
見なし,0,0.28043931761242,1,4.2,0,0,0.343496680259705
複数個所,0,0.352115786919577,1,8,0,0,0.485715746879578
装飾物,0,0.28043931761242,1,6,0,0,0.409025967121124
装飾品,0,0.395551232122147,3,6,0,0,0.428912490606308
装飾品,0,0.304733497247455,3,6,0,0,0.428912490606308
装飾品,0,0.23484147197144,3,6,0,0,0.428912490606308
表現,0,0.313222674592848,1,4,0,0,0.336521506309509
表8,0,0.560077652992304,1,3,0,0,0.302746176719666
表6,0,0.460950608624111,2,3,0,0,0.311438471078873
表6,0,0.458882396884059,2,3,0,0,0.311438471078873
表1,0,0.464210649328751,2,3,0,0,0.311438471078873
表1,0,0.426813400652564,2,3,0,0,0.311438471078873
行為,0,0.625196882910372,1,4,0,0,0.336521506309509
行われる,0,0.516306382934533,1,5.3,0,0,0.383010923862457
行う,0,0.487288318962057,3,3.1,0,0,0.323658555746078
行う,0,0.365267689251384,3,3.1,0,0,0.323658555746078
行う,0,0.266293002913028,3,3.1,0,0,0.323658555746078
落下,0,0.169384501683183,1,4,0,0,0.336521506309509
色,0,0.547285819142399,4,2,6,0,0.360176116228104
色,0,0.30978293350119,4,2,6,0,0.360176116228104
色,0,0.258451492548042,4,2,6,0,0.360176116228104
色,0,0.170635023243197,4,2,6,0,0.360176116228104
自動判定,0,0.539858975957666,1,8,0,0,0.485715746879578
自コース,0,0.304054850775795,3,5.6,0,0,0.413756459951401
自コース,0,0.221861661305097,3,5.6,0,0,0.413756459951401
自コース,0,0.177402961568009,3,5.6,0,0,0.413756459951401
置かれ,0,0.404849567539559,5,4.2,2,0,0.404479205608368
置かれ,0,0.261861573952865,5,4.2,2,0,0.404479205608368
置かれ,0,0.253646078075714,5,4.2,2,0,0.404479205608368
置かれ,0,0.245791803540256,5,4.2,2,0,0.404479205608368
置かれ,0,0.163288556710515,5,4.2,2,0,0.404479205608368
置い,0,0.389400743839822,1,3.1,0,0,0.306036978960037
縦,0,0.301731444284872,1,2,0,0,0.27097624540329
緑色,0,0.46968294394288,3,4,0,0,0.355000466108322
緑色,0,0.395551232122147,3,4,0,0,0.355000466108322
緑色,0,0.304733497247455,3,4,0,0,0.355000466108322
緑,0,0.36984628118932,3,2,3,0,0.318274796009064
緑,0,0.272070193802743,3,2,3,0,0.318274796009064
緑,0,0.25342960822685,3,2,3,0,0.318274796009064
総称,0,0.517424076194185,2,4,0,0,0.345702767372131
総称,0,0.269784231230885,2,4,0,0,0.345702767372131
継続,0,0.232215873975028,2,4,0,0,0.345702767372131
継続,0,0.156051367686653,2,4,0,0,0.345702767372131
結果,0,0.472454668497873,4,4,1,0,0.375773847103119
結果,0,0.366092112295254,4,4,1,0,0.375773847103119
結果,0,0.308413284185134,4,4,1,0,0.375773847103119
結果,0,0.252762582855782,4,4,1,0,0.375773847103119
経過時間,0,0.169384501683183,1,8,0,0,0.485715746879578
経過待ち,0,0.169384501683183,1,7.1,0,0,0.450900971889496
経過,0,0.169384501683183,1,4,3,0,0.369916617870331
終了,0,0.384844986216746,3,4,2,0,0.377629041671753
終了,0,0.218138686968631,3,4,2,0,0.377629041671753
終了,0,0.146591358567013,3,4,2,0,0.377629041671753
算出,0,0.539858975957666,1,4,0,0,0.336521506309509
競技結果,0,0.169384501683183,1,8,0,0,0.485715746879578
競技終了,0,0.169384501683183,1,8,0,0,0.485715746879578
競技用,0,0.246617736507623,1,6,0,0,0.409025967121124
競技環境,0,0.410232040390786,8,8,0,1,0.556954503059387
競技環境,0,0.381425703493139,8,8,0,1,0.556954503059387
競技環境,0,0.35893339081504,8,8,0,1,0.556954503059387
競技環境,0,0.33938796993178,8,8,0,1,0.556954503059387
競技環境,0,0.302437064949844,8,8,0,1,0.556954503059387
競技環境,0,0.278500157549497,8,8,0,1,0.556954503059387
競技環境,0,0.245866743710399,8,8,0,1,0.556954503059387
競技環境,0,0.203438786155321,8,8,0,1,0.556954503059387
競技内容,0,0.456651716791205,2,8,0,0,0.495924919843674
競技内容,0,0.432568828988881,2,8,0,0,0.495924919843674
競技,0,0.340034898937876,15,4,17,1,0.673024892807007
競技,0,0.312523530027961,15,4,17,1,0.673024892807007
競技,0,0.307876830742737,15,4,17,1,0.673024892807007
競技,0,0.305421356902649,15,4,17,1,0.673024892807007
競技,0,0.302306155693468,15,4,17,1,0.673024892807007
競技,0,0.291845393276957,15,4,17,1,0.673024892807007
競技,0,0.26490553973975,15,4,17,1,0.673024892807007
競技,0,0.238732798504807,15,4,17,1,0.673024892807007
競技,0,0.225472046068128,15,4,17,1,0.673024892807007
競技,0,0.193504721528786,15,4,17,1,0.673024892807007
競技,0,0.185088476101734,15,4,17,1,0.673024892807007
競技,0,0.18348246639076,15,4,17,1,0.673024892807007
競技,0,0.175709399304852,15,4,17,1,0.673024892807007
競技,0,0.171343204436648,15,4,17,1,0.673024892807007
競技,0,0.0816124716398683,15,4,17,1,0.673024892807007
移動先,0,0.307453900456353,1,6,0,0,0.409025967121124
移動,0,0.307453900456353,1,4,3,0,0.369916617870331
秒単位,0,0.449155530194046,1,6,0,0,0.409025967121124
禁止,0,0.625196882910372,1,4,0,0,0.336521506309509
示す,0,0.466423575363358,25,3.1,0,1,0.540345549583435
示す,0,0.348207611872218,25,3.1,0,1,0.540345549583435
示す,0,0.322882920496115,25,3.1,0,1,0.540345549583435
示す,0,0.317138796175433,25,3.1,0,1,0.540345549583435
示す,0,0.309796432926527,25,3.1,0,1,0.540345549583435
示す,0,0.304753495259317,25,3.1,0,1,0.540345549583435
示す,0,0.30338430523591,25,3.1,0,1,0.540345549583435
示す,0,0.286301206121965,25,3.1,0,1,0.540345549583435
示す,0,0.286287767478237,25,3.1,0,1,0.540345549583435
示す,0,0.285969129006906,25,3.1,0,1,0.540345549583435
示す,0,0.281188177776609,25,3.1,0,1,0.540345549583435
示す,0,0.277297865452881,25,3.1,0,1,0.540345549583435
示す,0,0.259212718479572,25,3.1,0,1,0.540345549583435
示す,0,0.25297057234708,25,3.1,0,1,0.540345549583435
示す,0,0.25006695289653,25,3.1,0,1,0.540345549583435
示す,0,0.245135905446529,25,3.1,0,1,0.540345549583435
示す,0,0.232591023934089,25,3.1,0,1,0.540345549583435
示す,0,0.228022171049388,25,3.1,0,1,0.540345549583435
示す,0,0.195499472261001,25,3.1,0,1,0.540345549583435
示す,0,0.188405899911326,25,3.1,0,1,0.540345549583435
示す,0,0.176579137347779,25,3.1,0,1,0.540345549583435
示す,0,0.128705283126362,25,3.1,0,1,0.540345549583435
示す,0,0.102914123430577,25,3.1,0,1,0.540345549583435
示す,0,0.0835545758447342,25,3.1,0,1,0.540345549583435
示す,0,0.0645895336724372,25,3.1,0,1,0.540345549583435
示され,0,0.136863303201719,1,4.2,0,0,0.343496680259705
確認,0,0.169384501683183,1,4,0,0,0.32104229927063
確定,0,0.406072659128366,2,4,4,0,0.391033679246902
確定,0,0.156051367686653,2,4,4,0,0.391033679246902
矢印,0,0.236179103750282,2,4,0,0,0.345702767372131
矢印,0,0.188851341954751,2,4,0,0,0.345702767372131
直線,0,0.258533566254692,2,4,0,0,0.345702767372131
直線,0,0.247792089756211,2,4,0,0,0.345702767372131
白部分,0,0.397437751373432,2,6,0,0,0.418936312198639
白部分,0,0.313583283075031,2,6,0,0,0.418936312198639
異なる,0,0.306337030181567,5,4.2,0,0,0.381227225065231
異なる,0,0.297110854498019,5,4.2,0,0,0.381227225065231
異なる,0,0.296445636678375,5,4.2,0,0,0.381227225065231
異なる,0,0.271723614224447,5,4.2,0,0,0.381227225065231
異なる,0,0.0760774884886206,5,4.2,0,0,0.381227225065231
番号,0,0.207556050653725,1,4,9,0,0.440272808074951
用語,0,0.5038731199746,1,4,0,0,0.336521506309509
用意,0,0.358734424738011,2,4,0,0,0.345702767372131
用意,0,0.307320744245066,2,4,0,0,0.345702767372131
用いる,0,0.453573744288389,3,4.2,0,0,0.362149596214294
用いる,0,0.422564310545824,3,4.2,0,0,0.362149596214294
用いる,0,0.272070193802743,3,4.2,0,0,0.362149596214294
用いられる,0,0.467058613648112,2,6.4,0,0,0.434141546487808
用いられる,0,0.319931729390786,2,6.4,0,0,0.434141546487808
用い,0,0.457187426534515,2,3.1,5,0,0.369562417268753
用い,0,0.358734424738011,2,3.1,5,0,0.369562417268753
環境,0,0.524098851418604,1,4,12,0,0.47656837105751
現実世界,0,0.313222674592848,1,8,0,0,0.485715746879578
獲得,0,0.414234869394391,2,4,2,0,0.368076890707016
獲得,0,0.283252606879874,2,4,2,0,0.368076890707016
状態,0,0.358748988547146,2,4,0,0,0.345702767372131
状態,0,0.156051367686653,2,4,0,0,0.345702767372131
照明環境,0,0.432956010245964,2,8,0,0,0.495924919843674
照明環境,0,0.318200559621426,2,8,0,0,0.495924919843674
照明,0,0.393543314403056,2,4,2,0,0.368076890707016
照明,0,0.318200559621426,2,4,2,0,0.368076890707016
灰色点線内,0,0.347151158568323,2,10,0,1,0.573107302188873
灰色点線内,0,0.320965377222666,2,10,0,1,0.573107302188873
準備,0,0.56305562544938,1,4,2,0,0.358627110719681
満たし,0,0.297030952645892,2,4.2,0,0,0.352767050266266
満たし,0,0.287833244306348,2,4.2,0,0,0.352767050266266
満たさ,0,0.4270238699059,1,4.2,0,0,0.343496680259705
添付数字,0,0.207556050653725,1,8,0,0,0.485715746879578
添付,0,0.385464488253937,5,4,1,0,0.3854039311409
添付,0,0.357693604516869,5,4,1,0,0.3854039311409
添付,0,0.338894705801707,5,4,1,0,0.3854039311409
添付,0,0.338848714602311,5,4,1,0,0.3854039311409
添付,0,0.202424783769779,5,4,1,0,0.3854039311409
流れ,0,0.570261910872537,1,3.1,0,0,0.306036978960037
注意,0,0.34793015852048,2,4,1,0,0.356811761856079
注意,0,0.264722758749748,2,4,1,0,0.356811761856079
決定,0,0.357753173265292,3,4,0,0,0.355000466108322
決定,0,0.280838569414089,3,4,0,0,0.355000466108322
決定,0,0.268623847691035,3,4,0,0,0.355000466108322
正式,0,0.538732990787292,1,4,0,0,0.336521506309509
次,0,0.297030952645892,2,2,0,0,0.279121518135071
次,0,0.287833244306348,2,2,0,0,0.279121518135071
機能,0,0.432956010245964,2,4,0,0,0.345702767372131
機能,0,0.227205173409452,2,4,0,0,0.345702767372131
横倒し,0,0.258790064164412,2,5.1,0,0,0.385321825742722
横倒し,0,0.256740538687027,2,5.1,0,0,0.385321825742722
横,0,0.301731444284872,1,2,2,0,0.290662497282028
構造,0,0.246617736507623,1,4,0,0,0.336521506309509
構築方法,0,0.479358088361931,1,8,0,0,0.485715746879578
構成要素,0,0.541905474458325,1,8,1,0,0.497900187969208
構成,0,0.455841168038909,5,4,2,0,0.397014558315277
構成,0,0.448615558378348,5,4,2,0,0.397014558315277
構成,0,0.262432924227935,5,4,2,0,0.397014558315277
構成,0,0.220771689102744,5,4,2,0,0.397014558315277
構成,0,0.211599131959077,5,4,2,0,0.397014558315277
条件,0,0.369561610466185,3,4,0,0,0.355000466108322
条件,0,0.279024602797759,3,4,0,0,0.355000466108322
条件,0,0.27038446986471,3,4,0,0,0.355000466108322
本規約,0,0.440624454526277,5,6,0,0,0.449031233787537
本規約,0,0.396407207916778,5,6,0,0,0.449031233787537
本規約,0,0.364472268567728,5,6,0,0,0.449031233787537
本規約,0,0.349495734111626,5,6,0,0,0.449031233787537
本規約,0,0.246418633916879,5,6,0,0,0.449031233787537
本章,0,0.438744996087326,3,4,0,0,0.355000466108322
本章,0,0.42356301226376,3,4,0,0,0.355000466108322
本章,0,0.327233601125442,3,4,0,0,0.355000466108322
本書,0,0.375271588822168,1,4,0,0,0.336521506309509
最大計測時間,0,0.580619374623109,3,12,0,1,0.656161069869995
最大計測時間,0,0.436277373937263,3,12,0,1,0.656161069869995
最大計測時間,0,0.381456078604033,3,12,0,1,0.656161069869995
時間計測,0,0.384844986216746,3,8,0,1,0.506137490272522
時間計測,0,0.242702137184327,3,8,0,1,0.506137490272522
時間計測,0,0.146591358567013,3,8,0,1,0.506137490272522
時間,0,0.542148035343163,3,4,9,0,0.460494756698608
時間,0,0.329020056819917,3,4,9,0,0.460494756698608
時間,0,0.146591358567013,3,4,9,0,0.460494756698608
時点,0,0.279024602797759,3,4,0,0,0.355000466108322
時点,0,0.27038446986471,3,4,0,0,0.355000466108322
時点,0,0.218138686968631,3,4,0,0,0.355000466108322
時,0,0.422062297052317,1,2,19,0,0.484164506196976
方向,0,0.236179103750282,2,4,3,0,0.379487842321396
方向,0,0.188851341954751,2,4,3,0,0.379487842321396
文書,0,0.463280625174698,1,4,1,0,0.347492158412933
数式3,0,0.508141670295648,1,5,0,0,0.372054308652878
数字部分,0,0.430768990434276,1,8,0,0,0.485715746879578
数字カード黒ブロック全体,0,0.128651050386142,1,18.4,0,1,0.826241374015808
数字カード黒ブロック,0,0.373786490310428,4,14.4,1,1,0.751914143562317
数字カード黒ブロック,0,0.317298024852936,4,14.4,1,1,0.751914143562317
数字カード黒ブロック,0,0.24074397708403,4,14.4,1,1,0.751914143562317
数字カード黒ブロック,0,0.226691504145242,4,14.4,1,1,0.751914143562317
数字カード置き場,0,0.41672883595881,3,12.7,0,1,0.680273115634918
数字カード置き場,0,0.294573512371752,3,12.7,0,1,0.680273115634918
数字カード置き場,0,0.23484147197144,3,12.7,0,1,0.680273115634918
数字カードボーナスサークル,0,0.237048515862832,2,17.2,0,1,0.804327964782715
数字カードボーナスサークル,0,0.210579996596287,2,17.2,0,1,0.804327964782715
数字カード,0,0.378825500698316,5,7.6,11,1,0.641153216362
数字カード,0,0.267780745385521,5,7.6,11,1,0.641153216362
数字カード,0,0.179822303978946,5,7.6,11,1,0.641153216362
数字カード,0,0.163288556710515,5,7.6,11,1,0.641153216362
数字カード,0,0.10121239188489,5,7.6,11,1,0.641153216362
数字,0,0.33687506081673,9,4,18,1,0.628442287445068
数字,0,0.319984153002475,9,4,18,1,0.628442287445068
数字,0,0.314309885528052,9,4,18,1,0.628442287445068
数字,0,0.312604814314292,9,4,18,1,0.628442287445068
数字,0,0.296135402398274,9,4,18,1,0.628442287445068
数字,0,0.213409970380659,9,4,18,1,0.628442287445068
数字,0,0.176908284475571,9,4,18,1,0.628442287445068
数字,0,0.142705344198381,9,4,18,1,0.628442287445068
数字,0,0.0664875996164516,9,4,18,1,0.628442287445068
攻撃,0,0.171311054979328,1,4,0,0,0.336521506309509
改版履歴,0,0.560077652992304,1,8,0,0,0.485715746879578
改変,0,0.171311054979328,1,4,2,0,0.358627110719681
操作方法,0,0.423790084494924,1,8,0,0,0.485715746879578
提出期限,0,0.522094600312032,1,8,0,0,0.485715746879578
提出,0,0.444775998466593,3,4,3,0,0.389153778553009
提出,0,0.266293002913028,3,4,3,0,0.389153778553009
提出,0,0.213431740697227,3,4,3,0,0.389153778553009
提供,0,0.171311054979328,1,4,0,0,0.321025937795639
描画処理,0,0.368838701435674,2,8,0,0,0.495924919843674
描画処理,0,0.264722758749748,2,8,0,0,0.495924919843674
接地,0,0.258790064164412,2,4,0,0,0.345702767372131
接地,0,0.256740538687027,2,4,0,0,0.345702767372131
振る舞い,0,0.246617736507623,1,6.2,0,0,0.416560411453247
挟ん,0,0.318879988348149,1,3.1,0,0,0.306036978960037
指す,0,0.397437751373432,2,3.1,0,0,0.314781099557877
指す,0,0.157826271965363,2,3.1,0,0,0.314781099557877
指し,0,0.271074017671581,3,3.1,0,0,0.323658555746078
指し,0,0.243101919911915,3,3.1,0,0,0.323658555746078
指し,0,0.241176638970125,3,3.1,0,0,0.323658555746078
扱い,0,0.377657545686368,1,3.1,0,0,0.306036978960037
成立例,0,0.631684994864377,1,6,0,0,0.409025967121124
成立,0,0.609065299017435,9,4,2,0,0.436713188886642
成立,0,0.414911436949472,9,4,2,0,0.436713188886642
成立,0,0.4124754128748,9,4,2,0,0.436713188886642
成立,0,0.346751756500009,9,4,2,0,0.436713188886642
成立,0,0.261392133215745,9,4,2,0,0.436713188886642
成立,0,0.234874370875537,9,4,2,0,0.436713188886642
成立,0,0.221672918210277,9,4,2,0,0.436713188886642
成立,0,0.21480870816647,9,4,2,0,0.436713188886642
成立,0,0.173301704688541,9,4,2,0,0.436713188886642
意図的,0,0.171311054979328,1,6,0,0,0.409025967121124
応じ,0,0.372504524130436,1,3.1,0,0,0.306036978960037
必要,0,0.283477741909098,2,4,0,0,0.345702767372131
必要,0,0.156051367686653,2,4,0,0,0.345702767372131
得る,0,0.462872817315503,1,3.1,0,0,0.306036978960037
後,0,0.218138686968631,3,2,5,0,0.310016214847565
後,0,0.177402961568009,3,2,5,0,0.310016214847565
後,0,0.146591358567013,3,2,5,0,0.310016214847565
形状,0,0.449833736728067,2,4,0,0,0.345702767372131
形状,0,0.418429381339104,2,4,0,0,0.345702767372131
形,0,0.314373743791026,1,2,2,0,0.290662497282028
当日,0,0.319931729390786,2,4,1,0,0.356811761856079
当日,0,0.264722758749748,2,4,1,0,0.356811761856079
引かれ,0,0.258533566254692,2,4.2,0,0,0.352767050266266
引かれ,0,0.247792089756211,2,4.2,0,0,0.352767050266266
底面,0,0.258790064164412,2,4,0,0,0.345702767372131
底面,0,0.256740538687027,2,4,0,0,0.345702767372131
差異,0,0.647803995157303,1,4,0,0,0.336521506309509
左側,0,0.318879988348149,1,4,0,0,0.336521506309509
左下,0,0.267270470556258,2,4,0,0,0.345702767372131
左下,0,0.25403664886308,2,4,0,0,0.345702767372131
左上,0,0.386808319516135,1,4,0,0,0.336521506309509
小さい方,0,0.32450549335674,1,6.2,0,0,0.416560411453247
対象,0,0.444243955325881,1,4,0,0,0.336521506309509
対応,0,0.500334539195666,1,4,0,0,0.336521506309509
審査,0,0.246617736507623,1,4,0,0,0.336521506309509
審判,0,0.169384501683183,1,4,0,0,0.336521506309509
実行委員会,0,0.403247286282377,7,10,1,1,0.633567690849304
実行委員会,0,0.381583788203027,7,10,1,1,0.633567690849304
実行委員会,0,0.302126979755584,7,10,1,1,0.633567690849304
実行委員会,0,0.257351207575332,7,10,1,1,0.633567690849304
実行委員会,0,0.253807305580373,7,10,1,1,0.633567690849304
実行委員会,0,0.224887734651894,7,10,1,1,0.633567690849304
実行委員会,0,0.123798215450844,7,10,1,1,0.633567690849304
実施,0,0.477491273354153,3,4,0,0,0.355000466108322
実施,0,0.438744996087326,3,4,0,0,0.355000466108322
実施,0,0.346479285232005,3,4,0,0,0.355000466108322
定義,0,0.502420838942178,1,4,0,0,0.336521506309509
完全,0,0.340376050061262,1,4,0,0,0.336521506309509
大会開催地,0,0.352115786919577,1,10,0,1,0.563084065914154
大会当日,0,0.393358972500581,1,8,0,0,0.485715746879578
大会,0,0.369686276823598,3,4,2,0,0.377629041671753
大会,0,0.300537108743973,3,4,2,0,0.377629041671753
大会,0,0.298910884429744,3,4,2,0,0.377629041671753
多く,0,0.449627375730898,1,3.1,0,0,0.306036978960037
外観,0,0.604288455420846,1,4,0,0,0.336521506309509
変わる,0,0.287340849617294,1,4.2,0,0,0.343496680259705
場所,0,0.136863303201719,1,4,0,0,0.336521506309509
場合,0,0.279771484549403,13,4,0,0,0.452986538410187
場合,0,0.274258781848472,13,4,0,0,0.452986538410187
場合,0,0.234989722403369,13,4,0,0,0.452986538410187
場合,0,0.214910548404312,13,4,0,0,0.452986538410187
場合,0,0.210792118333681,13,4,0,0,0.452986538410187
場合,0,0.200612736200497,13,4,0,0,0.452986538410187
場合,0,0.19440066496572,13,4,0,0,0.452986538410187
場合,0,0.178791996235634,13,4,0,0,0.452986538410187
場合,0,0.174785093644492,13,4,0,0,0.452986538410187
場合,0,0.17340085772474,13,4,0,0,0.452986538410187
場合,0,0.156837061768635,13,4,0,0,0.452986538410187
場合,0,0.142224333625713,13,4,0,0,0.452986538410187
場合,0,0.0800504980304239,13,4,0,0,0.452986538410187
図6,0,0.441537338692729,12,3,0,0,0.404949635267258
図6,0,0.402141180391262,12,3,0,0,0.404949635267258
図6,0,0.3928308510989,12,3,0,0,0.404949635267258
図6,0,0.384700087441408,12,3,0,0,0.404949635267258
図6,0,0.362617139502173,12,3,0,0,0.404949635267258
図6,0,0.328689235876837,12,3,0,0,0.404949635267258
図6,0,0.31083942917541,12,3,0,0,0.404949635267258
図6,0,0.28913871821111,12,3,0,0,0.404949635267258
図6,0,0.145512798603897,12,3,0,0,0.404949635267258
図6,0,0.132133636046172,12,3,0,0,0.404949635267258
図6,0,0.105949622570635,12,3,0,0,0.404949635267258
図6,0,0.0819013997189636,12,3,0,0,0.404949635267258
図3,0,0.65776091782594,8,3,0,0,0.366260945796967
図3,0,0.498031667289998,8,3,0,0,0.366260945796967
図3,0,0.429770168877658,8,3,0,0,0.366260945796967
図3,0,0.403748339621881,8,3,0,0,0.366260945796967
図3,0,0.391051628017236,8,3,0,0,0.366260945796967
図3,0,0.275697711481899,8,3,0,0,0.366260945796967
図3,0,0.181503057799539,8,3,0,0,0.366260945796967
図3,0,0.145131789773306,8,3,0,0,0.366260945796967
図2,0,0.643126285509888,1,3,0,0,0.302746176719666
問わ,0,0.707106781186548,1,3.1,0,0,0.306036978960037
呼ぶ,0,0.461276854627117,9,3.1,0,0,0.379446744918823
呼ぶ,0,0.386151355272934,9,3.1,0,0,0.379446744918823
呼ぶ,0,0.31824861046949,9,3.1,0,0,0.379446744918823
呼ぶ,0,0.312604814314292,9,3.1,0,0,0.379446744918823
呼ぶ,0,0.293826793832511,9,3.1,0,0,0.379446744918823
呼ぶ,0,0.234874370875537,9,3.1,0,0,0.379446744918823
呼ぶ,0,0.219246214947102,9,3.1,0,0,0.379446744918823
呼ぶ,0,0.201338807593437,9,3.1,0,0,0.379446744918823
呼ぶ,0,0.157154942764026,9,3.1,0,0,0.379446744918823
含め,0,0.307320744245066,2,3.1,0,0,0.314781099557877
含め,0,0.269784231230885,2,3.1,0,0,0.314781099557877
含まれる,0,0.421077417974704,2,5.3,0,0,0.392709821462631
含まれる,0,0.318200559621426,2,5.3,0,0,0.392709821462631
含まれ,0,0.258790064164412,2,4.2,2,0,0.375336110591888
含まれ,0,0.256740538687027,2,4.2,2,0,0.375336110591888
向き,0,0.465397056025072,1,3.1,0,0,0.306036978960037
名称,0,0.454180269602268,1,4,0,0,0.336521506309509
名産品,0,0.352115786919577,1,6,0,0,0.409025967121124
同様,0,0.396860925564488,2,4,0,0,0.345702767372131
同様,0,0.247792089756211,2,4,0,0,0.345702767372131
同時に提出,0,0.136863303201719,1,9.1,0,1,0.528421819210052
同時に4つま,0,0.34161016948977,1,8.3,0,0,0.497368425130844
同一方向,0,0.301731444284872,1,8,0,0,0.485715746879578
同じ色,0,0.34838887530664,1,5.1,0,0,0.375692546367645
同じ,0,0.332852192477767,1,3.1,1,0,0.31648787856102
各種ゲート等,0,0.377657545686368,1,9.6,0,1,0.547734200954437
各番号,0,0.500334539195666,1,6,0,0,0.409025967121124
各チーム,0,0.413379366775,1,5.6,0,0,0.394087731838226
各コース,0,0.32450549335674,1,5.6,0,0,0.394087731838226
各クラス,0,0.502420838942178,1,5.6,0,0,0.394087731838226
右側,0,0.318879988348149,1,4,0,0,0.336521506309509
右下,0,0.267270470556258,2,4,0,0,0.345702767372131
右下,0,0.25403664886308,2,4,0,0,0.345702767372131
右上,0,0.386808319516135,1,4,0,0,0.336521506309509
取得方法,0,0.207556050653725,1,8,0,0,0.485715746879578
取得可能,0,0.375145981275938,1,8,0,0,0.485715746879578
反する,0,0.171311054979328,1,4.2,0,0,0.343496680259705
参照,0,0.498533107651565,7,4,0,0,0.393237739801407
参照,0,0.441847260274712,7,4,0,0,0.393237739801407
参照,0,0.393744304828475,7,4,0,0,0.393237739801407
参照,0,0.337150229848211,7,4,0,0,0.393237739801407
参照,0,0.309735871138691,7,4,0,0,0.393237739801407
参照,0,0.272252743766179,7,4,0,0,0.393237739801407
参照,0,0.267193747211774,7,4,0,0,0.393237739801407
参加チーム,0,0.362694594546494,7,7.6,0,1,0.531406283378601
参加チーム,0,0.324685011601794,7,7.6,0,1,0.531406283378601
参加チーム,0,0.272252743766179,7,7.6,0,1,0.531406283378601
参加チーム,0,0.252433939032765,7,7.6,0,1,0.531406283378601
参加チーム,0,0.200058830987637,7,7.6,0,1,0.531406283378601
参加チーム,0,0.198326527757931,7,7.6,0,1,0.531406283378601
参加チーム,0,0.180245744886831,7,7.6,0,1,0.531406283378601
動作環境,0,0.400352528595604,1,8,0,0,0.485715746879578
動作,0,0.287340849617294,1,4,2,0,0.358627110719681
制御,0,0.171311054979328,1,4,0,0,0.336521506309509
別途提示,0,0.48099782229721,2,8,0,0,0.495924919843674
別途提示,0,0.191218235755331,2,8,0,0,0.495924919843674
判断,0,0.169384501683183,1,4,0,0,0.336521506309509
判定方法,0,0.430768990434276,1,8,0,0,0.485715746879578
判定,0,0.365267689251384,3,4,2,0,0.377629041671753
判定,0,0.326838241663906,3,4,2,0,0.377629041671753
判定,0,0.146591358567013,3,4,2,0,0.377629041671753
初期設置,0,0.568488271004277,2,8,0,0,0.495924919843674
初期設置,0,0.345616292391135,2,8,0,0,0.495924919843674
初期情報,0,0.136863303201719,1,8,0,0,0.485715746879578
初期値情報,0,0.307698271174162,1,10,0,1,0.563084065914154
初期位置,0,0.310391533485685,1,8,0,0,0.485715746879578
分断部分,0,0.258533566254692,2,8,0,0,0.495924919843674
分断部分,0,0.247792089756211,2,8,0,0,0.495924919843674
分断,0,0.258533566254692,2,4,2,0,0.368076890707016
分断,0,0.247792089756211,2,4,2,0,0.368076890707016
分け,0,0.307698271174162,1,3.1,0,0,0.306036978960037
出来,0,0.271356416184949,1,4,0,0,0.336521506309509
再現,0,0.469948063470411,1,4,0,0,0.336521506309509
円柱,0,0.299311642221829,2,4,0,0,0.345702767372131
円柱,0,0.289627753400497,2,4,0,0,0.345702767372131
円,0,0.324885030597882,1,2,2,0,0.290662497282028
内側,0,0.237048515862832,2,4,0,0,0.345702767372131
内側,0,0.153325833702333,2,4,0,0,0.345702767372131
具体的,0,0.423790084494924,1,6,1,0,0.420860946178436
共用,0,0.518521960545662,1,4,0,0,0.336521506309509
公開,0,0.441625323197828,2,4,0,0,0.345702767372131
公開,0,0.318200559621426,2,4,0,0,0.345702767372131
全部,0,0.393358972500581,1,4,0,0,0.336521506309509
全景,0,0.389400743839822,1,4,0,0,0.336521506309509
全クラス共通,0,0.3781143786541,1,9.6,0,1,0.547734200954437
全クラス,0,0.518521960545662,1,5.6,1,0,0.405787259340286
全カラーブロック,0,0.207556050653725,1,10.4,0,1,0.578314065933228
全く関連,0,0.246617736507623,1,7.1,0,0,0.450900971889496
例,0,0.485453852831903,5,2,2,0,0.325466692447662
例,0,0.477551523237557,5,2,2,0,0.325466692447662
例,0,0.276701128368199,5,2,2,0,0.325466692447662
例,0,0.130930786976432,5,2,2,0,0.325466692447662
例,0,0.10121239188489,5,2,2,0,0.325466692447662
使用,0,0.436069678562626,3,4,0,0,0.355000466108322
使用,0,0.389123486519411,3,4,0,0,0.355000466108322
使用,0,0.148258666155531,3,4,0,0,0.355000466108322
作成,0,0.246617736507623,1,4,0,0,0.336521506309509
何,0,0.389400743839822,1,2,0,0,0.27097624540329
低いpc,0,0.287340849617294,1,5.9,0,0,0.405274450778961
位置,0,0.313583283075031,2,4,2,0,0.368076890707016
位置,0,0.249996543104121,2,4,2,0,0.368076890707016
伴い,0,0.169384501683183,1,3.1,0,0,0.306036978960037
任意,0,0.136863303201719,1,4,0,0,0.336521506309509
仮想的,0,0.258533566254692,2,6,0,0,0.418936312198639
仮想的,0,0.247792089756211,2,6,0,0,0.418936312198639
以下,0,0.398010740344551,12,4,2,0,0.467058658599854
以下,0,0.358450581674444,12,4,2,0,0.467058658599854
以下,0,0.344986043567405,12,4,2,0,0.467058658599854
以下,0,0.294672538748921,12,4,2,0,0.467058658599854
以下,0,0.283092994015782,12,4,2,0,0.467058658599854
以下,0,0.28281309518012,12,4,2,0,0.467058658599854
以下,0,0.281972665427465,12,4,2,0,0.467058658599854
以下,0,0.274197492046862,12,4,2,0,0.467058658599854
以下,0,0.271850502220766,12,4,2,0,0.467058658599854
以下,0,0.238824174954059,12,4,2,0,0.467058658599854
以下,0,0.197600415830974,12,4,2,0,0.467058658599854
以下,0,0.175541762377795,12,4,2,0,0.467058658599854
仕掛ける,0,0.171311054979328,1,6.2,0,0,0.416560411453247
交点サークル,0,0.626039153347182,6,8.8,0,1,0.567447245121002
交点サークル,0,0.585468557305771,6,8.8,0,1,0.567447245121002
交点サークル,0,0.325959216097156,6,8.8,0,1,0.567447245121002
交点サークル,0,0.24587109500685,6,8.8,0,1,0.567447245121002
交点サークル,0,0.232679317450286,6,8.8,0,1,0.567447245121002
交点サークル,0,0.205360952032005,6,8.8,0,1,0.567447245121002
事態,0,0.169384501683183,1,4,0,0,0.336521506309509
中間ゲート2,0,0.204986927852103,1,8.6,1,1,0.52120053768158
中間ゲート1,0,0.323676482564512,2,8.6,0,1,0.519228458404541
中間ゲート1,0,0.188851341954751,2,8.6,0,1,0.519228458404541
中間ゲート,0,0.324029452301902,2,7.6,4,1,0.529103100299835
中間ゲート,0,0.271468466316911,2,7.6,4,1,0.529103100299835
中心軸,0,0.324885030597882,1,6,0,0,0.409025967121124
中心,0,0.324885030597882,1,4,1,0,0.347492158412933
中央,0,0.318879988348149,1,4,0,0,0.336521506309509
中,0,0.347151158568323,2,2,9,0,0.37518322467804
中,0,0.320965377222666,2,2,9,0,0.37518322467804
両者,0,0.561633137884567,1,4,0,0,0.336521506309509
下記,0,0.525348973214216,2,4,0,0,0.345702767372131
下記,0,0.441625323197828,2,4,0,0,0.345702767372131
上限,0,0.449155530194046,1,4,1,0,0.347492158412933
上記,0,0.382610081575707,4,4,0,0,0.36440896987915
上記,0,0.267092983186136,4,4,0,0,0.36440896987915
上記,0,0.140837454538883,4,4,0,0,0.36440896987915
上記,0,0.0795002679799169,4,4,0,0,0.36440896987915
上,0,0.340376050061262,1,2,14,0,0.423815548419952
一部,0,0.326838241663906,3,4,1,0,0.366240978240967
一部,0,0.221861661305097,3,4,1,0,0.366240978240967
一部,0,0.118446359347769,3,4,1,0,0.366240978240967
一覧,0,0.498089618051063,1,4,0,0,0.336521506309509
一致,0,0.457144186772278,1,4,0,0,0.336521506309509
一方,0,0.34838887530664,1,4,2,0,0.358627110719681
一定期日前,0,0.347266911907573,1,10,0,1,0.563084065914154
リザルトタイム確定タッチセンサ押下操作後,0,0.444683621550552,1,29.6,0,1,0.964426398277283
リザルトタイム確定,0,0.365267689251384,3,12.4,1,1,0.68073558807373
リザルトタイム確定,0,0.279024602797759,3,12.4,1,1,0.68073558807373
リザルトタイム確定,0,0.27038446986471,3,12.4,1,1,0.68073558807373
リザルトタイム,0,0.516215529834511,6,8.4,4,1,0.599717557430267
リザルトタイム,0,0.408562122187397,6,8.4,4,1,0.599717557430267
リザルトタイム,0,0.38455865037635,6,8.4,4,1,0.599717557430267
リザルトタイム,0,0.350299446646805,6,8.4,4,1,0.599717557430267
リザルトタイム,0,0.245583863437874,6,8.4,4,1,0.599717557430267
リザルトタイム,0,0.12818920228301,6,8.4,4,1,0.599717557430267
リクエスト,0,0.271356416184949,1,6,0,0,0.409025967121124
モデル,0,0.246617736507623,1,3.6,1,0,0.333532899618149
マイナス,0,0.445305023313921,1,4.8,0,0,0.364821493625641
ボーナスブロック,0,0.757499435518538,1,9.6,0,1,0.547734200954437
ボーナスタイム獲得例,0,0.569600471360089,1,14.4,0,1,0.718602120876312
ボーナスタイム獲得,0,0.422062297052317,1,12.4,1,1,0.662722527980804
ボーナスタイム,0,0.413047903256711,4,8.4,2,1,0.556033134460449
ボーナスタイム,0,0.409487139910621,4,8.4,2,1,0.556033134460449
ボーナスタイム,0,0.369645584732281,4,8.4,2,1,0.556033134460449
ボーナスタイム,0,0.252762582855782,4,8.4,2,1,0.556033134460449
ボーナスサークル設置,0,0.355572773794249,2,13.6,0,1,0.701416850090027
ボーナスサークル設置,0,0.287833244306348,2,13.6,0,1,0.701416850090027
ボーナスサークルブロックサークル番号,0,0.228572093386139,1,23.2,0,1,0.909309923648834
ボーナスサークル,0,0.517424076194185,2,9.6,7,1,0.639603793621063
ボーナスサークル,0,0.287833244306348,2,9.6,7,1,0.639603793621063
ボーナス,0,0.599919843009142,1,4.8,16,1,0.556150674819946
プラットフォーム改変制限,0,0.171311054979328,1,17.6,0,1,0.807661116123199
プラットフォーム改変,0,0.171311054979328,1,13.6,1,1,0.703068971633911
ブロック搬入,0,0.599919843009142,1,8.8,0,1,0.516789615154266
ブロックブロックビンゴ2020,0,0.488267834274704,1,17.2,0,1,0.797818541526794
ブロックビンゴ2020エリア上,0,0.307453900456353,1,18,0,1,0.817134320735931
ブロックビンゴ2020エリア,0,0.454180269602268,1,16,1,1,0.774686217308044
ブロックビンゴ2020,0,0.496794838365656,4,12.4,3,1,0.710026502609253
ブロックビンゴ2020,0,0.468277312869174,4,12.4,3,1,0.710026502609253
ブロックビンゴ2020,0,0.3792412104324,4,12.4,3,1,0.710026502609253
ブロックビンゴ2020,0,0.252762582855782,4,12.4,3,1,0.710026502609253
ブロックサークル番号8,0,0.25403664886308,2,14.6,0,1,0.732917189598084
ブロックサークル番号8,0,0.178180313704172,2,14.6,0,1,0.732917189598084
ブロックサークル番号6,0,0.25403664886308,2,14.6,0,1,0.732917189598084
ブロックサークル番号6,0,0.178180313704172,2,14.6,0,1,0.732917189598084
ブロックサークル番号3,0,0.193404159758067,1,14.6,0,1,0.724844813346863
ブロックサークル番号1,0,0.193404159758067,1,14.6,0,1,0.724844813346863
ブロックサークル番号,0,0.228572093386139,1,13.6,7,1,0.760327279567719
ブロックサークル内,0,0.322409477367936,1,11.6,0,1,0.623013973236084
ブロックサークル,0,0.51894607872916,6,9.6,9,1,0.697318077087402
ブロックサークル,0,0.503801193236466,6,9.6,9,1,0.697318077087402
ブロックサークル,0,0.285169112890141,6,9.6,9,1,0.697318077087402
ブロックサークル,0,0.263658667505277,6,9.6,9,1,0.697318077087402
ブロックサークル,0,0.205360952032005,6,9.6,9,1,0.697318077087402
ブロックサークル,0,0.157077207760589,6,9.6,9,1,0.697318077087402
ブロック,0,0.449418262375497,7,4.8,54,1,0.910787642002106
ブロック,0,0.428048877472514,7,4.8,54,1,0.910787642002106
ブロック,0,0.358100341793687,7,4.8,54,1,0.910787642002106
ブロック,0,0.356860786816943,7,4.8,54,1,0.910787642002106
ブロック,0,0.312339758973158,7,4.8,54,1,0.910787642002106
ブロック,0,0.237449038223924,7,4.8,54,1,0.910787642002106
ブロック,0,0.226856161896384,7,4.8,54,1,0.910787642002106
フルビンゴ,0,0.34161016948977,1,6,0,0,0.409025967121124
フォルダ以外,0,0.171311054979328,1,8.8,0,1,0.516789615154266
ビンゴ,0,0.314720258552678,2,3.6,11,0,0.459125250577927
ビンゴ,0,0.277980594958992,2,3.6,11,0,0.459125250577927
パーツ,0,0.333578435694208,1,3.6,0,0,0.322784960269928
ナンバー黒ブロック全体,0,0.128651050386142,1,15.6,0,1,0.754737854003906
ナンバー黒ブロック,0,0.332300914709744,7,11.6,1,1,0.68916654586792
ナンバー黒ブロック,0,0.314836550908715,7,11.6,1,1,0.68916654586792
ナンバー黒ブロック,0,0.314793824627241,7,11.6,1,1,0.68916654586792
ナンバー黒ブロック,0,0.303393385128188,7,11.6,1,1,0.68916654586792
ナンバー黒ブロック,0,0.214024438736257,7,11.6,1,1,0.68916654586792
ナンバー黒ブロック,0,0.188054636586178,7,11.6,1,1,0.68916654586792
ナンバー黒ブロック,0,0.167056708151458,7,11.6,1,1,0.68916654586792
ナンバーボーナスサークル,0,0.237048515862832,2,14.4,0,1,0.726788640022278
ナンバーボーナスサークル,0,0.210579996596287,2,14.4,0,1,0.726788640022278
トリプルビンゴ,0,0.34161016948977,1,8.4,0,1,0.50125390291214
ダブルビンゴ,0,0.34161016948977,1,7.2,0,0,0.454751878976822
ターン毎,0,0.310391533485685,1,5.6,0,0,0.394087731838226
ターン,0,0.493524894090861,3,3.6,1,0,0.351934790611267
ターン,0,0.400586561696967,3,3.6,1,0,0.351934790611267
ターン,0,0.357753173265292,3,3.6,1,0,0.351934790611267
タッチセンサ押下操作後,0,0.204986927852103,1,17.2,1,1,0.80556857585907
タッチセンサ押下操作実行委員会,0,0.28043931761242,1,25.2,0,1,0.931889235973358
タッチセンサ押下操作,0,0.35025277318524,2,15.2,3,1,0.777124345302582
タッチセンサ押下操作,0,0.258364482179037,2,15.2,3,1,0.777124345302582
タイム,0,0.468143199881014,2,3.6,21,1,0.580217897891998
タイム,0,0.410252751788646,2,3.6,21,1,0.580217897891998
タイミング,0,0.375145981275938,1,6,0,0,0.409025967121124
ソースコード,0,0.246617736507623,1,7.2,0,0,0.454751878976822
ソフトウェア,0,0.513933164937984,1,7.2,9,1,0.56397008895874
スラローム,0,0.372504524130436,1,6,0,0,0.409025967121124
スポンサー看板,0,0.352115786919577,1,10,0,1,0.563084065914154
スタート準備走行,0,0.56305562544938,1,12.8,0,1,0.665714502334595
スタート準備,0,0.310391533485685,1,8.8,1,1,0.528951823711395
スタート時,0,0.136863303201719,1,6.8,0,0,0.439385324716568
スタート成立後,0,0.622668151961176,1,10.8,0,1,0.593396544456482
スタート後,0,0.294662914983991,1,6.8,0,0,0.439385324716568
スタート位置,0,0.512188577727471,1,8.8,0,1,0.516789615154266
スタートライン手前,0,0.431395100628979,1,12.4,0,1,0.651740193367004
スタートライン,0,0.5055687235582,4,8.4,1,1,0.543967306613922
スタートライン,0,0.421078111624101,4,8.4,1,1,0.543967306613922
スタートライン,0,0.230704362022575,4,8.4,1,1,0.543967306613922
スタートライン,0,0.221119125108613,4,8.4,1,1,0.543967306613922
スタートエリア,0,0.421078111624101,4,8.4,0,1,0.531849682331085
スタートエリア,0,0.354656550801477,4,8.4,0,1,0.531849682331085
スタートエリア,0,0.351062894756834,4,8.4,0,1,0.531849682331085
スタートエリア,0,0.337552283097657,4,8.4,0,1,0.531849682331085
スタート,0,0.504328871078121,1,4.8,15,1,0.544085443019867
シングルビンゴ,0,0.34161016948977,1,8.4,0,1,0.50125390291214
シミュレーション動作,0,0.313222674592848,1,13.6,0,1,0.692791402339935
サンプル,0,0.375271588822168,1,4.8,0,0,0.364821493625641
ゴールゲート,0,0.443723322610195,3,7.2,1,0,0.487244814634323
ゴールゲート,0,0.304386423091399,3,7.2,1,0,0.487244814634323
ゴールゲート,0,0.177402961568009,3,7.2,1,0,0.487244814634323
ゴール,0,0.383321978409266,3,3.6,4,0,0.385969638824463
ゴール,0,0.329020056819917,3,3.6,4,0,0.385969638824463
ゴール,0,0.218138686968631,3,3.6,4,0,0.385969638824463
コース画像,0,0.375271588822168,1,7.6,0,0,0.470205157995224
コース外,0,0.169384501683183,1,5.6,0,0,0.394087731838226
コース上,0,0.484493833726731,4,5.6,0,0,0.423699229955673
コース上,0,0.411332724129833,4,5.6,0,0,0.423699229955673
コース上,0,0.320132343849998,4,5.6,0,0,0.423699229955673
コース上,0,0.289479807001907,4,5.6,0,0,0.423699229955673
コース,0,0.392414393454334,6,3.6,22,1,0.630841612815857
コース,0,0.390737657249165,6,3.6,22,1,0.630841612815857
コース,0,0.241326514079907,6,3.6,22,1,0.630841612815857
コース,0,0.212584435341942,6,3.6,22,1,0.630841612815857
コース,0,0.212373733808712,6,3.6,22,1,0.630841612815857
コース,0,0.210900842048917,6,3.6,22,1,0.630841612815857
コンピュータ,0,0.171311054979328,1,7.2,0,0,0.454751878976822
ゲーム,0,0.307453900456353,1,3.6,0,0,0.322784960269928
ゲートライン,0,0.57830021186642,4,7.2,0,0,0.485270977020264
ゲートライン,0,0.288835130747366,4,7.2,0,0,0.485270977020264
ゲートライン,0,0.242246916863365,4,7.2,0,0,0.485270977020264
ゲートライン,0,0.21075619016563,4,7.2,0,0,0.485270977020264
クラス別,0,0.469527801185855,1,5.6,0,0,0.394087731838226
クラス共通,0,0.495668347148129,1,7.6,1,0,0.48236545920372
クラス,0,0.372504524130436,1,3.6,10,0,0.436969608068466
ガレージ方向,0,0.340376050061262,1,8.8,0,1,0.516789615154266
ガレージ,0,0.169384501683183,1,4.8,1,0,0.376191586256027
カラーブロック有効移動,0,0.297030952645892,2,16.4,0,1,0.784016966819763
カラーブロック有効移動,0,0.277980594958992,2,16.4,0,1,0.784016966819763
カラーブロック全体,0,0.166426096238883,1,12.4,0,1,0.651740193367004
カラーブロック,0,0.518154823222483,9,8.4,4,1,0.628746807575226
カラーブロック,0,0.479070151979967,9,8.4,4,1,0.628746807575226
カラーブロック,0,0.343279224179097,9,8.4,4,1,0.628746807575226
カラーブロック,0,0.293826793832511,9,8.4,4,1,0.628746807575226
カラーブロック,0,0.221672918210277,9,8.4,4,1,0.628746807575226
カラーブロック,0,0.201338807593437,9,8.4,4,1,0.628746807575226
カラーブロック,0,0.193133908153809,9,8.4,4,1,0.628746807575226
カラーブロック,0,0.189586454826385,9,8.4,4,1,0.628746807575226
カラーブロック,0,0.142705344198381,9,8.4,4,1,0.628746807575226
カラーサークル,0,0.301731444284872,1,8.4,0,1,0.50125390291214
オレンジ範囲,0,0.207556050653725,1,8.8,0,1,0.516789615154266
エリア,0,0.421077417974704,2,3.6,6,0,0.399480283260345
エリア,0,0.324398924263078,2,3.6,6,0,0.399480283260345
アドバンストクラス難所,0,0.461299247870708,1,14.8,0,1,0.73100084066391
アドバンストクラス固有,0,0.489421821757161,1,14.8,0,1,0.73100084066391
アドバンストクラス,0,0.475665225576432,2,10.8,2,1,0.62630158662796
アドバンストクラス,0,0.458882396884059,2,10.8,2,1,0.62630158662796
アクティビティ,0,0.551735260425929,1,8.4,0,1,0.50125390291214
よう設計,0,0.318879988348149,1,6.2,0,0,0.416560411453247
よう注意,0,0.389384935689022,1,6.2,0,0,0.416560411453247
よう,0,0.267780745385521,5,2.2,2,0,0.332327514886856
よう,0,0.25559364603485,5,2.2,2,0,0.332327514886856
よう,0,0.244191317759261,5,2.2,2,0,0.332327514886856
よう,0,0.220771689102744,5,2.2,2,0,0.332327514886856
よう,0,0.211599131959077,5,2.2,2,0,0.332327514886856
もの,0,0.358734424738011,2,2.2,1,0,0.295465350151062
もの,0,0.35025277318524,2,2.2,1,0,0.295465350151062
もっ,0,0.504328871078121,1,2.2,0,0,0.277160346508026
もう一方,0,0.454664266702016,1,6.2,0,0,0.416560411453247
また最大値,0,0.725078381196453,1,8.2,0,0,0.49348321557045
または生成,0,0.246617736507623,1,7.3,0,0,0.458608239889145
または案内,0,0.347266911907573,1,7.3,0,0,0.458608239889145
または一部,0,0.393358972500581,1,7.3,0,0,0.458608239889145
またはモデル,0,0.246617736507623,1,6.9,0,0,0.443217247724533
ほぼ左右対称,0,0.318879988348149,1,10.2,0,1,0.570715844631195
はみ出さ,0,0.136863303201719,1,5.3,0,0,0.383010923862457
なる,0,0.362269606856835,7,2.2,6,0,0.396287083625793
なる,0,0.357704202770358,7,2.2,6,0,0.396287083625793
なる,0,0.325460515393971,7,2.2,6,0,0.396287083625793
なる,0,0.302126979755584,7,2.2,6,0,0.396287083625793
なる,0,0.276352823596785,7,2.2,6,0,0.396287083625793
なる,0,0.274183308118606,7,2.2,6,0,0.396287083625793
なる,0,0.233060127155694,7,2.2,6,0,0.396287083625793
なら,0,0.393410602926956,2,2.2,0,0,0.285418778657913
なら,0,0.227205173409452,2,2.2,0,0,0.285418778657913
なっ,0,0.258790064164412,2,2.2,0,0,0.285418778657913
なっ,0,0.256740538687027,2,2.2,0,0,0.285418778657913
なお走行タイム,0,0.449155530194046,1,9.8,0,1,0.555422365665436
なお試走会,0,0.347266911907573,1,8.2,0,0,0.49348321557045
なお置かれ,0,0.258790064164412,2,6.4,0,0,0.434141546487808
なお置かれ,0,0.256740538687027,2,6.4,0,0,0.434141546487808
なお本節,0,0.375271588822168,1,6.2,0,0,0.416560411453247
なおこれ,0,0.504328871078121,1,4.4,0,0,0.350540041923523
ないもの,0,0.246617736507623,1,4.4,0,0,0.350540041923523
どちら,0,0.34838887530664,1,3.3,0,0,0.312678068876266
とき,0,0.382610081575707,4,2.2,0,0,0.302370458841324
とき,0,0.36413447596605,4,2.2,0,0,0.302370458841324
とき,0,0.267092983186136,4,2.2,0,0,0.302370458841324
とき,0,0.248058063576517,4,2.2,0,0,0.302370458841324
できる,0,0.232215873975028,2,3.3,0,0,0.321524053812027
できる,0,0.126090081669271,2,3.3,0,0,0.321524053812027
つながっ,0,0.258533566254692,2,4.4,0,0,0.359896302223206
つながっ,0,0.247792089756211,2,4.4,0,0,0.359896302223206
ため,0,0.345732012714932,2,2.2,0,0,0.285418778657913
ため,0,0.227205173409452,2,2.2,0,0,0.285418778657913
ただし以下,0,0.596811977675829,2,7.3,0,0,0.468766987323761
ただし以下,0,0.421077417974704,2,7.3,0,0,0.468766987323761
それらすべて,0,0.292834777717443,1,6.6,0,0,0.431743502616882
それぞれ個別,0,0.502420838942178,1,8.4,0,1,0.50125390291214
それぞれ2個,0,0.314373743791026,1,7.4,0,0,0.462469518184662
それぞれ,0,0.319931729390786,2,4.4,2,0,0.382651835680008
それぞれ,0,0.283477741909098,2,4.4,2,0,0.382651835680008
その時間帯,0,0.449627375730898,1,8.2,0,0,0.49348321557045
その他不測,0,0.169384501683183,1,8.2,0,0,0.49348321557045
その他,0,0.541905474458325,1,4.2,1,0,0.35457319021225
そのソフトウェア,0,0.246617736507623,1,9.4,0,1,0.54002320766449
せ,0,0.171311054979328,1,1.1,3,0,0.272238701581955
する,0,0.405783966664888,45,2.2,1,1,0.70840448141098
する,0,0.354192661967282,45,2.2,1,1,0.70840448141098
する,0,0.32131869982291,45,2.2,1,1,0.70840448141098
する,0,0.283715256105284,45,2.2,1,1,0.70840448141098
する,0,0.26105120154876,45,2.2,1,1,0.70840448141098
する,0,0.244632716063675,45,2.2,1,1,0.70840448141098
する,0,0.215887985042056,45,2.2,1,1,0.70840448141098
する,0,0.21235760742635,45,2.2,1,1,0.70840448141098
する,0,0.210800338856289,45,2.2,1,1,0.70840448141098
する,0,0.205074159857521,45,2.2,1,1,0.70840448141098
する,0,0.198369642417159,45,2.2,1,1,0.70840448141098
する,0,0.197338382345798,45,2.2,1,1,0.70840448141098
する,0,0.197160051913655,45,2.2,1,1,0.70840448141098
する,0,0.195775443879572,45,2.2,1,1,0.70840448141098
する,0,0.194177141089194,45,2.2,1,1,0.70840448141098
する,0,0.193949613864314,45,2.2,1,1,0.70840448141098
する,0,0.192997656771698,45,2.2,1,1,0.70840448141098
する,0,0.191505416661603,45,2.2,1,1,0.70840448141098
する,0,0.187567587632841,45,2.2,1,1,0.70840448141098
する,0,0.183885547606149,45,2.2,1,1,0.70840448141098
する,0,0.183721103561496,45,2.2,1,1,0.70840448141098
する,0,0.178875530412481,45,2.2,1,1,0.70840448141098
する,0,0.175749656292099,45,2.2,1,1,0.70840448141098
する,0,0.173827810657559,45,2.2,1,1,0.70840448141098
する,0,0.173311250192696,45,2.2,1,1,0.70840448141098
する,0,0.172467621477951,45,2.2,1,1,0.70840448141098
する,0,0.167089779195329,45,2.2,1,1,0.70840448141098
する,0,0.160418294744433,45,2.2,1,1,0.70840448141098
する,0,0.152362075076981,45,2.2,1,1,0.70840448141098
する,0,0.148759738803835,45,2.2,1,1,0.70840448141098
する,0,0.147952029130865,45,2.2,1,1,0.70840448141098
する,0,0.147773275377066,45,2.2,1,1,0.70840448141098
する,0,0.137779063967891,45,2.2,1,1,0.70840448141098
する,0,0.137472227743863,45,2.2,1,1,0.70840448141098
する,0,0.134064291799531,45,2.2,1,1,0.70840448141098
する,0,0.126975457471727,45,2.2,1,1,0.70840448141098
する,0,0.126155309293977,45,2.2,1,1,0.70840448141098
する,0,0.122560613644905,45,2.2,1,1,0.70840448141098
する,0,0.122248848603484,45,2.2,1,1,0.70840448141098
する,0,0.120303355293265,45,2.2,1,1,0.70840448141098
する,0,0.11529838229553,45,2.2,1,1,0.70840448141098
する,0,0.11243333804017,45,2.2,1,1,0.70840448141098
する,0,0.100310245841321,45,2.2,1,1,0.70840448141098
する,0,0.0986269785802944,45,2.2,1,1,0.70840448141098
する,0,0.0662783066239146,45,2.2,1,1,0.70840448141098
すべて,0,0.508305312084914,2,3.3,1,0,0.332250595092773
すべて,0,0.307320744245066,2,3.3,1,0,0.332250595092773
し,0,0.489861646102769,19,1.1,10,1,0.52331155538559
し,0,0.331747490874513,19,1.1,10,1,0.52331155538559
し,0,0.281001957584371,19,1.1,10,1,0.52331155538559
し,0,0.278886987162371,19,1.1,10,1,0.52331155538559
し,0,0.27876767390327,19,1.1,10,1,0.52331155538559
し,0,0.248376882162932,19,1.1,10,1,0.52331155538559
し,0,0.246247604375304,19,1.1,10,1,0.52331155538559
し,0,0.243738571104539,19,1.1,10,1,0.52331155538559
し,0,0.215324558613071,19,1.1,10,1,0.52331155538559
し,0,0.210233583922689,19,1.1,10,1,0.52331155538559
し,0,0.188905764505144,19,1.1,10,1,0.52331155538559
し,0,0.18822331329334,19,1.1,10,1,0.52331155538559
し,0,0.179447111894337,19,1.1,10,1,0.52331155538559
し,0,0.170017813587178,19,1.1,10,1,0.52331155538559
し,0,0.155334566456359,19,1.1,10,1,0.52331155538559
し,0,0.155180607718678,19,1.1,10,1,0.52331155538559
し,0,0.154104371809982,19,1.1,10,1,0.52331155538559
し,0,0.148733209514345,19,1.1,10,1,0.52331155538559
し,0,0.113354975284546,19,1.1,10,1,0.52331155538559
される,0,0.30969008798488,21,3.3,0,1,0.507351994514465
される,0,0.288545588743514,21,3.3,0,1,0.507351994514465
される,0,0.287943768511988,21,3.3,0,1,0.507351994514465
される,0,0.279050827226883,21,3.3,0,1,0.507351994514465
される,0,0.271593219619021,21,3.3,0,1,0.507351994514465
される,0,0.268535530991985,21,3.3,0,1,0.507351994514465
される,0,0.261877468847261,21,3.3,0,1,0.507351994514465
される,0,0.240318308342153,21,3.3,0,1,0.507351994514465
される,0,0.237675954460677,21,3.3,0,1,0.507351994514465
される,0,0.228314105268287,21,3.3,0,1,0.507351994514465
される,0,0.220944354123079,21,3.3,0,1,0.507351994514465
される,0,0.213981727105028,21,3.3,0,1,0.507351994514465
される,0,0.210243788401185,21,3.3,0,1,0.507351994514465
される,0,0.185608353310718,21,3.3,0,1,0.507351994514465
される,0,0.181925302964343,21,3.3,0,1,0.507351994514465
される,0,0.173645612285182,21,3.3,0,1,0.507351994514465
される,0,0.165899080610363,21,3.3,0,1,0.507351994514465
される,0,0.149890122441255,21,3.3,0,1,0.507351994514465
される,0,0.110935235867698,21,3.3,0,1,0.507351994514465
される,0,0.0905331816989803,21,3.3,0,1,0.507351994514465
される,0,0.0516856434996204,21,3.3,0,1,0.507351994514465
され,0,0.471338608499661,13,2.2,22,1,0.646617531776428
され,0,0.28958384719658,13,2.2,22,1,0.646617531776428
され,0,0.284392896496722,13,2.2,22,1,0.646617531776428
され,0,0.28290558745453,13,2.2,22,1,0.646617531776428
され,0,0.268037238070162,13,2.2,22,1,0.646617531776428
され,0,0.268000862895658,13,2.2,22,1,0.646617531776428
され,0,0.214910548404312,13,2.2,22,1,0.646617531776428
され,0,0.20756239322868,13,2.2,22,1,0.646617531776428
され,0,0.19841658348368,13,2.2,22,1,0.646617531776428
され,0,0.193134815187118,13,2.2,22,1,0.646617531776428
され,0,0.174611856656764,13,2.2,22,1,0.646617531776428
され,0,0.16735713464211,13,2.2,22,1,0.646617531776428
され,0,0.160100996060848,13,2.2,22,1,0.646617531776428
させ,0,0.248674967890412,3,2.2,0,0,0.2938232421875
させ,0,0.243101919911915,3,2.2,0,0,0.2938232421875
させ,0,0.241176638970125,3,2.2,0,0,0.2938232421875
これら,0,0.457187426534515,2,3.3,0,0,0.321524053812027
これら,0,0.247792089756211,2,3.3,0,0,0.321524053812027
これ,0,0.389384935689022,1,2.2,3,0,0.307393938302994
この順に通過,0,0.204986927852103,1,9.3,0,1,0.536160230636597
この様子,0,0.638974249489546,2,6.2,0,0,0.42652153968811
この様子,0,0.592502474853159,2,6.2,0,0,0.42652153968811
この上限,0,0.670898505884149,1,6.2,0,0,0.416560411453247
こと,0,0.371935918458127,20,2.2,0,0,0.45452493429184
こと,0,0.370735684819887,20,2.2,0,0,0.45452493429184
こと,0,0.328581079389868,20,2.2,0,0,0.45452493429184
こと,0,0.312347810736178,20,2.2,0,0,0.45452493429184
こと,0,0.292809168045344,20,2.2,0,0,0.45452493429184
こと,0,0.250722809441413,20,2.2,0,0,0.45452493429184
こと,0,0.242029717193324,20,2.2,0,0,0.45452493429184
こと,0,0.241691976352378,20,2.2,0,0,0.45452493429184
こと,0,0.230336036940086,20,2.2,0,0,0.45452493429184
こと,0,0.211636341226983,20,2.2,0,0,0.45452493429184
こと,0,0.205262335237481,20,2.2,0,0,0.45452493429184
こと,0,0.202461593533307,20,2.2,0,0,0.45452493429184
こと,0,0.19869945512502,20,2.2,0,0,0.45452493429184
こと,0,0.190953813705502,20,2.2,0,0,0.45452493429184
こと,0,0.152673896199538,20,2.2,0,0,0.45452493429184
こと,0,0.151464773117465,20,2.2,0,0,0.45452493429184
こと,0,0.147486134737668,20,2.2,0,0,0.45452493429184
こと,0,0.139334499131166,20,2.2,0,0,0.45452493429184
こと,0,0.136996381038125,20,2.2,0,0,0.45452493429184
こと,0,0.111413358437229,20,2.2,0,0,0.45452493429184
おり,0,0.262156145543329,4,2.2,0,0,0.302370458841324
おり,0,0.257505180846857,4,2.2,0,0,0.302370458841324
おり,0,0.230704362022575,4,2.2,0,0,0.302370458841324
おり,0,0.221119125108613,4,2.2,0,0,0.302370458841324
および黒線,0,0.431395100628979,1,7.3,0,0,0.458608239889145
および構成要素,0,0.454180269602268,1,11.3,0,1,0.612001836299896
および数字カード,0,0.310391533485685,1,10.9,0,1,0.597140967845917
および提出方法,0,0.522094600312032,1,11.3,0,1,0.612001836299896
および中間ゲート2,0,0.351331619315532,1,11.9,0,1,0.63390052318573
およびゴールゲート,0,0.294662914983991,1,10.5,0,1,0.582099616527557
および6,0,0.365582650440543,1,4.3,0,0,0.347009986639023
うち1,0,0.489963831274985,1,3.2,0,0,0.309347689151764
いる,0,0.502509709551047,15,2.2,3,0,0.440186738967896
いる,0,0.49853001096531,15,2.2,3,0,0.440186738967896
いる,0,0.30686180898625,15,2.2,3,0,0.440186738967896
いる,0,0.305421356902649,15,2.2,3,0,0.440186738967896
いる,0,0.280233065438013,15,2.2,3,0,0.440186738967896
いる,0,0.205956993635786,15,2.2,3,0,0.440186738967896
いる,0,0.198914975642815,15,2.2,3,0,0.440186738967896
いる,0,0.198481912122362,15,2.2,3,0,0.440186738967896
いる,0,0.192254853657404,15,2.2,3,0,0.440186738967896
いる,0,0.186301588332526,15,2.2,3,0,0.440186738967896
いる,0,0.175709399304852,15,2.2,3,0,0.440186738967896
いる,0,0.167337216889575,15,2.2,3,0,0.440186738967896
いる,0,0.160384739466315,15,2.2,3,0,0.440186738967896
いる,0,0.123767013519278,15,2.2,3,0,0.440186738967896
いる,0,0.0816124716398683,15,2.2,3,0,0.440186738967896
いずれ,0,0.36441532142201,6,3.3,0,0,0.358157753944397
いずれ,0,0.336533969450788,6,3.3,0,0,0.358157753944397
いずれ,0,0.325959216097156,6,3.3,0,0,0.358157753944397
いずれ,0,0.285169112890141,6,3.3,0,0,0.358157753944397
いずれ,0,0.245583863437874,6,3.3,0,0,0.358157753944397
いずれ,0,0.236442105731812,6,3.3,0,0,0.358157753944397
い,0,0.389400743839822,1,1.1,38,1,0.67328280210495
ある,0,0.47346113585056,7,2.2,0,0,0.328830450773239
ある,0,0.338598361005025,7,2.2,0,0,0.328830450773239
ある,0,0.325460515393971,7,2.2,0,0,0.328830450773239
ある,0,0.276018937641445,7,2.2,0,0,0.328830450773239
ある,0,0.252433939032765,7,2.2,0,0,0.328830450773239
ある,0,0.224709131187748,7,2.2,0,0,0.328830450773239
ある,0,0.21000908616353,7,2.2,0,0,0.328830450773239
あり,0,0.314373743791026,1,2.2,0,0,0.277160346508026
timescale１,0,0.400352528595604,1,13.6,0,1,0.692791402339935
rコース,0,0.245583863437874,6,5,0,0,0.420881897211075
rコース,0,0.241326514079907,6,5,0,0,0.420881897211075
rコース,0,0.232864255783286,6,5,0,0,0.420881897211075
rコース,0,0.208679717782394,6,5,0,0,0.420881897211075
rコース,0,0.207154698156047,6,5,0,0,0.420881897211075
rコース,0,0.0731835696632213,6,5,0,0,0.420881897211075
lコース,0,0.250869357444581,5,5,1,0,0.422808974981308
lコース,0,0.242072473647964,5,5,1,0,0.422808974981308
lコース,0,0.216931599544223,5,5,1,0,0.422808974981308
lコース,0,0.215346275630642,5,5,1,0,0.422808974981308
lコース,0,0.0760774884886206,5,5,1,0,0.422808974981308
goal,0,0.294662914983991,1,5.6,0,0,0.394087731838226
gate2,0,0.294662914983991,1,6.6,0,0,0.431743502616882
gate1,0,0.294662914983991,1,6.6,0,0,0.431743502616882
framespersecond,0,0.400352528595604,1,21,0,1,0.876891016960144
ev3rt,0,0.171311054979328,1,6.6,0,0,0.431743502616882
etロボコンキャラクターロゴ,0,0.271356416184949,1,17.2,0,1,0.797818541526794
etロボコンev3サポートサイト,0,0.479358088361931,1,19.8,0,1,0.855302274227142
etロボコン2020ロゴ,0,0.271356416184949,1,14,0,1,0.705861806869507
etロボコン2020シミュレータ内,0,0.333578435694208,1,20.8,0,1,0.873495936393738
etロボコン2020シミュレータ上,0,0.171311054979328,1,20.8,0,1,0.873495936393738
etロボコン2020シミュレータ,0,0.438501382462561,6,18.8,2,1,0.872489750385284
etロボコン2020シミュレータ,0,0.408562122187397,6,18.8,2,1,0.872489750385284
etロボコン2020シミュレータ,0,0.355653951643076,6,18.8,2,1,0.872489750385284
etロボコン2020シミュレータ,0,0.320721862549526,6,18.8,2,1,0.872489750385284
etロボコン2020シミュレータ,0,0.261387493801291,6,18.8,2,1,0.872489750385284
etロボコン2020シミュレータ,0,0.12818920228301,6,18.8,2,1,0.872489750385284
etソフトウェアデザインロボットコンテスト2020シミュレータ競技規約1,0,0.327233601125442,3,45.8,0,1,0.997266530990601
etソフトウェアデザインロボットコンテスト2020シミュレータ競技規約1,0,0.221861661305097,3,45.8,0,1,0.997266530990601
etソフトウェアデザインロボットコンテスト2020シミュレータ競技規約1,0,0.0836894115155684,3,45.8,0,1,0.997266530990601
etソフトウェアデザインロボットコンテスト2020シミュレータ競技,0,0.444243955325881,1,40.8,3,1,0.994441747665405
etrobo開発環境,0,0.579419614390189,1,16.4,0,1,0.777019143104553
api,0,0.171311054979328,1,4.2,0,0,0.343496680259705
9,0,0.581961787626225,2,1,0,0,0.248945593833923
9,0,0.50885216009531,2,1,0,0,0.248945593833923
8,0,0.41672883595881,3,1,4,0,0.295591771602631
8,0,0.372752177828739,3,1,4,0,0.295591771602631
8,0,0.221861661305097,3,1,4,0,0.295591771602631
7,0,0.492952460864822,3,1,0,0,0.256661802530289
7,0,0.17962637160891,3,1,0,0,0.256661802530289
7,0,0.177402961568009,3,1,0,0,0.256661802530289
6章,0,0.469527801185855,1,3,0,0,0.302746176719666
6個,0,0.27574171130202,1,3,0,0,0.302746176719666
60fps,0,0.400352528595604,1,6.2,0,0,0.416560411453247
6,0,0.524888698738752,6,1,21,1,0.520733773708344
6,0,0.431570885888158,6,1,21,1,0.520733773708344
6,0,0.349108578474919,6,1,21,1,0.520733773708344
6,0,0.286154754949563,6,1,21,1,0.520733773708344
6,0,0.283908289138439,6,1,21,1,0.520733773708344
6,0,0.205360952032005,6,1,21,1,0.520733773708344
5種類,0,0.314373743791026,1,5,0,0,0.372054308652878
5,0,0.517668759900492,8,1,1,0,0.307809770107269
5,0,0.436881831931865,8,1,1,0,0.307809770107269
5,0,0.428023720013462,8,1,1,0,0.307809770107269
5,0,0.263735101804684,8,1,1,0,0.307809770107269
5,0,0.249015833644999,8,1,1,0,0.307809770107269
5,0,0.230020257658797,8,1,1,0,0.307809770107269
5,0,0.195226537105283,8,1,1,0,0.307809770107269
5,0,0.119925090573954,8,1,1,0,0.307809770107269
4章,0,0.469527801185855,1,3,0,0,0.302746176719666
4,0,0.698207998166667,12,1,2,0,0.354751527309418
4,0,0.434241453059807,12,1,2,0,0.354751527309418
4,0,0.384865906370829,12,1,2,0,0.354751527309418
4,0,0.31083942917541,12,1,2,0,0.354751527309418
4,0,0.296279511120448,12,1,2,0,0.354751527309418
4,0,0.274197492046862,12,1,2,0,0.354751527309418
4,0,0.223907461281482,12,1,2,0,0.354751527309418
4,0,0.217474719059568,12,1,2,0,0.354751527309418
4,0,0.206827217297023,12,1,2,0,0.354751527309418
4,0,0.206585597572958,12,1,2,0,0.354751527309418
4,0,0.107832992711004,12,1,2,0,0.354751527309418
4,0,0.0615621533913338,12,1,2,0,0.354751527309418
3章,0,0.495668347148129,1,3,0,0,0.302746176719666
3,0,0.493422111767101,16,1,13,1,0.525347232818604
3,0,0.444456972316775,16,1,13,1,0.525347232818604
3,0,0.39871754385603,16,1,13,1,0.525347232818604
3,0,0.376920578520414,16,1,13,1,0.525347232818604
3,0,0.365249048945731,16,1,13,1,0.525347232818604
3,0,0.362870711259364,16,1,13,1,0.525347232818604
3,0,0.354823141318737,16,1,13,1,0.525347232818604
3,0,0.267217720694999,16,1,13,1,0.525347232818604
3,0,0.265485201254926,16,1,13,1,0.525347232818604
3,0,0.220260572772018,16,1,13,1,0.525347232818604
3,0,0.21774270080852,16,1,13,1,0.525347232818604
3,0,0.199683805457119,16,1,13,1,0.525347232818604
3,0,0.189685488292099,16,1,13,1,0.525347232818604
3,0,0.179861043985908,16,1,13,1,0.525347232818604
3,0,0.176373212515503,16,1,13,1,0.525347232818604
3,0,0.075201307254788,16,1,13,1,0.525347232818604
2章,0,0.482844308388086,2,3,0,0,0.311438471078873
2章,0,0.3904313655636,2,3,0,0,0.311438471078873
26,0,0.0967020798790337,1,2,0,0,0.27097624540329
2,0,0.591438604866168,12,1,32,1,0.703574955463409
2,0,0.587341556505252,12,1,32,1,0.703574955463409
2,0,0.477648349908118,12,1,32,1,0.703574955463409
2,0,0.384700087441408,12,1,32,1,0.703574955463409
2,0,0.317092140184036,12,1,32,1,0.703574955463409
2,0,0.311919129090997,12,1,32,1,0.703574955463409
2,0,0.294932156018926,12,1,32,1,0.703574955463409
2,0,0.271942207124396,12,1,32,1,0.703574955463409
2,0,0.261388369595212,12,1,32,1,0.703574955463409
2,0,0.221790155995515,12,1,32,1,0.703574955463409
2,0,0.217474719059568,12,1,32,1,0.703574955463409
2,0,0.172750010525083,12,1,32,1,0.703574955463409
1章,0,0.136863303201719,1,3,0,0,0.302746176719666
1回,0,0.426437693468327,2,3,0,0,0.311438471078873
1回,0,0.298961980328446,2,3,0,0,0.311438471078873
1チーム当たりlコース,0,0.32450549335674,1,13.8,0,1,0.699367105960846
120秒経過後,0,0.169384501683183,1,11,0,1,0.600874125957489
120秒,0,0.627508561355655,3,5,1,0,0.403005719184875
120秒,0,0.38871513464782,3,5,1,0,0.403005719184875
120秒,0,0.146591358567013,3,5,1,0,0.403005719184875
11,0,0.256358405503062,1,2,0,0,0.27097624540329
10,0,0.126090081669271,2,2,1,0,0.289036124944687
10,0,0.118524257931416,2,2,1,0,0.289036124944687
1,0,0.542143442105287,18,1,22,1,0.650664031505585
1,0,0.362044220822588,18,1,22,1,0.650664031505585
1,0,0.346433922374624,18,1,22,1,0.650664031505585
1,0,0.315292473727735,18,1,22,1,0.650664031505585
1,0,0.290651690541713,18,1,22,1,0.650664031505585
1,0,0.28605541280873,18,1,22,1,0.650664031505585
1,0,0.283652457106491,18,1,22,1,0.650664031505585
1,0,0.28166043353384,18,1,22,1,0.650664031505585
1,0,0.24246600103321,18,1,22,1,0.650664031505585
1,0,0.240471708845274,18,1,22,1,0.650664031505585
1,0,0.238570175702987,18,1,22,1,0.650664031505585
1,0,0.219210895383402,18,1,22,1,0.650664031505585
1,0,0.21212412782356,18,1,22,1,0.650664031505585
1,0,0.196123501317706,18,1,22,1,0.650664031505585
1,0,0.192307468104714,18,1,22,1,0.650664031505585
1,0,0.152758524222035,18,1,22,1,0.650664031505585
1,0,0.0770464045449283,18,1,22,1,0.650664031505585
1,0,0.0544378762780177,18,1,22,1,0.650664031505585
0版,0,0.327233601125442,3,3,0,0,0.320265740156174
0版,0,0.221861661305097,3,3,0,0,0.320265740156174
0版,0,0.0836894115155684,3,3,0,0,0.320265740156174
0,0,0.327233601125442,3,1,31,1,0.61015397310257
0,0,0.221861661305097,3,1,31,1,0.61015397310257
0,0,0.0836894115155684,3,1,31,1,0.61015397310257
